Config,Tokens,AvgNLL,PPL
uniform_4b,998,2.490645,12.0691
turbo_kv_1b,998,2.490645,12.0691
turbo_kv_3b,998,2.490645,12.0691
turbo_kv_1b+q4v,998,2.516130,12.3806
uniform_4b,814,2.252016,9.5069
uniform_3b,814,2.586115,13.2781
uniform_2b_subblock,814,5.706569,300.8372
